{
  "hash": "ef984375",
  "configHash": "64b44238",
  "lockfileHash": "8e0c5072",
  "browserHash": "298be9e7",
  "optimized": {
    "@angular/core": {
      "src": "../../../../../../node_modules/@angular/core/fesm2022/core.mjs",
      "file": "@angular_core.js",
      "fileHash": "7300c56e",
      "needsInterop": false
    },
    "@angular/forms": {
      "src": "../../../../../../node_modules/@angular/forms/fesm2022/forms.mjs",
      "file": "@angular_forms.js",
      "fileHash": "2484969a",
      "needsInterop": false
    },
    "@angular/platform-browser": {
      "src": "../../../../../../node_modules/@angular/platform-browser/fesm2022/platform-browser.mjs",
      "file": "@angular_platform-browser.js",
      "fileHash": "bb300cd3",
      "needsInterop": false
    },
    "@angular/platform-browser/animations": {
      "src": "../../../../../../node_modules/@angular/platform-browser/fesm2022/animations.mjs",
      "file": "@angular_platform-browser_animations.js",
      "fileHash": "97f7887f",
      "needsInterop": false
    },
    "@angular/router": {
      "src": "../../../../../../node_modules/@angular/router/fesm2022/router.mjs",
      "file": "@angular_router.js",
      "fileHash": "d7f9abb3",
      "needsInterop": false
    },
    "ngx-toastr": {
      "src": "../../../../../../node_modules/ngx-toastr/fesm2022/ngx-toastr.mjs",
      "file": "ngx-toastr.js",
      "fileHash": "06474985",
      "needsInterop": false
    },
    "@angular/common/http": {
      "src": "../../../../../../node_modules/@angular/common/fesm2022/http.mjs",
      "file": "@angular_common_http.js",
      "fileHash": "765501d9",
      "needsInterop": false
    },
    "sweetalert2": {
      "src": "../../../../../../node_modules/sweetalert2/dist/sweetalert2.esm.all.js",
      "file": "sweetalert2.js",
      "fileHash": "a33d8eb9",
      "needsInterop": false
    },
    "@auth0/angular-jwt": {
      "src": "../../../../../../node_modules/@auth0/angular-jwt/fesm2020/auth0-angular-jwt.mjs",
      "file": "@auth0_angular-jwt.js",
      "fileHash": "4e93cae3",
      "needsInterop": false
    },
    "bootstrap": {
      "src": "../../../../../../node_modules/bootstrap/dist/js/bootstrap.esm.js",
      "file": "bootstrap.js",
      "fileHash": "3803074e",
      "needsInterop": false
    },
    "@angular/common": {
      "src": "../../../../../../node_modules/@angular/common/fesm2022/common.mjs",
      "file": "@angular_common.js",
      "fileHash": "53afa96e",
      "needsInterop": false
    }
  },
  "chunks": {
    "chunk-X3EQQS74": {
      "file": "chunk-X3EQQS74.js"
    },
    "chunk-J5NU676W": {
      "file": "chunk-J5NU676W.js"
    },
    "chunk-ZDV3LBPR": {
      "file": "chunk-ZDV3LBPR.js"
    },
    "chunk-ZLXNN5FI": {
      "file": "chunk-ZLXNN5FI.js"
    },
    "chunk-7VKGKAYA": {
      "file": "chunk-7VKGKAYA.js"
    },
    "chunk-XWLXMCJQ": {
      "file": "chunk-XWLXMCJQ.js"
    }
  }
}